age,gender,height,weight,heart_rate,spo2,temperature,accelerometer,outcome
10,female,130,27,123,97.8,38,falling,warning
8,male,119,31,104,94.3,39.9,falling,danger
8,male,117,36,126,96.7,38.1,falling,danger
7,male,137,43,126,99,38,sitting,warning
7,female,110,22,86,94.4,39.8,moving,danger
6,female,120,27,123,94.6,37.5,lying,warning
8,female,141,33,126,98,36.3,falling,danger
10,male,147,34,80,97.7,36.2,sitting,danger
6,female,133,33,82,99.9,37.1,lying,normal
7,female,112,21,105,94,37.4,lying,warning
6,female,142,45,100,96.6,36.8,falling,warning
8,male,124,43,109,98.6,38.7,lying,danger
7,female,144,37,87,99,36.7,sitting,normal
8,male,137,37,87,97.3,39.3,lying,danger
7,female,119,38,117,97.8,38.6,moving,danger
7,male,132,24,105,94.2,36.5,moving,warning
10,female,135,20,104,97,38.9,moving,danger
10,male,116,40,115,98,36.2,sitting,danger
7,male,150,31,94,95.6,37.3,sitting,warning
6,female,117,35,115,98.5,37.7,lying,warning
8,female,150,26,110,94.1,37,lying,warning
7,female,121,42,121,98.4,39.9,falling,danger
8,female,143,41,84,95.1,38.8,sitting,danger
10,female,141,24,118,96.3,36.5,moving,warning
9,male,123,21,125,96.3,39.5,lying,danger
9,male,137,30,118,94.3,37.4,lying,warning
9,female,137,28,100,98.2,39.1,sitting,danger
8,male,125,36,90,99.2,37.7,sitting,warning
7,male,120,45,124,97.8,36.9,moving,warning
11,female,111,24,100,97.9,36.1,lying,danger
8,male,115,38,104,96.8,39.1,lying,danger
10,male,121,43,86,95.5,40,falling,danger
9,female,135,24,119,99.4,39.8,moving,danger
6,male,112,21,89,96.5,37.3,falling,normal
9,male,143,31,114,96.6,38.3,moving,danger
11,male,129,26,120,97.8,37,lying,warning
7,female,141,30,91,95.8,37.4,moving,warning
11,female,132,29,98,99.9,36.1,sitting,danger
9,female,140,22,104,95.7,38.4,sitting,danger
10,male,110,44,83,95.9,38.8,lying,danger
6,female,126,38,96,95.9,37.6,sitting,warning
6,female,142,44,106,94.7,37.9,lying,warning
9,male,132,43,115,98.1,39.4,moving,danger
6,male,133,34,122,94.1,36.4,moving,danger
10,female,138,29,129,99.3,39,sitting,danger
9,male,134,35,99,96.3,37.9,moving,warning
7,female,116,40,95,97,37.2,lying,warning
9,female,133,28,81,98.5,36.1,falling,danger
8,male,121,28,107,99.7,38.2,falling,danger
10,female,113,29,102,94.6,37.6,moving,warning
6,female,138,31,99,98,36.8,falling,warning
10,female,136,31,122,95.4,36.3,falling,danger
6,male,120,32,124,97.2,38.7,falling,danger
11,female,131,33,85,99.4,39,lying,danger
8,female,125,43,105,99.1,38.1,sitting,danger
10,male,127,25,85,94.2,39.9,lying,danger
6,female,143,37,130,99.3,38.6,sitting,danger
9,male,116,35,127,98.4,38.9,sitting,danger
6,female,128,27,103,94,37.3,moving,warning
11,male,133,33,123,95.5,37.5,falling,warning
9,female,125,27,110,98.9,39,sitting,danger
10,female,136,34,91,98.9,39.4,moving,danger
10,male,135,21,109,98.1,37.9,lying,warning
6,female,116,42,88,99.8,36.2,lying,danger
6,female,126,23,96,94.9,39,lying,danger
8,male,138,31,110,96.5,36.4,falling,danger
10,male,144,31,112,95.6,36.9,lying,warning
8,male,142,45,106,96.4,39.2,sitting,danger
11,female,125,44,101,99.5,36.7,lying,warning
11,female,117,38,93,98.8,39.4,lying,danger
11,female,149,37,91,94.4,38.4,falling,danger
6,male,148,30,85,96,36.9,falling,normal
10,female,137,37,90,98.1,39.3,sitting,danger
6,female,122,20,100,95.2,37.4,moving,warning
6,female,146,35,94,98.6,38.4,moving,danger
8,female,141,23,86,95,38.9,lying,danger
7,male,111,35,110,95.8,36,lying,danger
10,male,128,37,122,95.4,38.5,sitting,danger
11,male,129,25,105,97.8,39.4,lying,danger
9,male,137,37,108,99.3,37.3,sitting,warning
6,female,113,31,115,95.8,37,falling,warning
7,male,129,42,81,99.6,39.7,moving,danger
7,male,139,27,113,95.4,37.7,sitting,warning
7,male,142,25,82,95.6,38.1,lying,danger
7,male,128,41,99,94.5,39,falling,danger
11,female,126,30,108,96.8,37.4,sitting,warning
6,male,126,20,101,96.2,39.8,sitting,danger
8,female,142,27,97,96.8,37.3,falling,warning
10,female,129,41,107,96.7,36.1,lying,danger
6,female,127,44,80,95,38.9,falling,danger
10,female,144,45,92,97.9,38.2,falling,danger
11,male,149,45,107,98.5,39.6,lying,danger
10,male,132,24,89,98.7,39.6,moving,danger
11,male,132,30,99,94.5,37.7,falling,warning
8,male,150,37,124,95.9,36.8,sitting,warning
7,female,142,37,108,95.2,39.2,moving,danger
8,female,111,44,89,94.7,37,sitting,warning
11,female,118,25,118,95.7,38.3,sitting,danger
9,female,134,21,112,97.9,37.9,lying,warning
8,female,128,44,81,94.4,39.4,moving,danger
7,female,148,42,118,97.7,37.6,sitting,warning
11,male,111,39,94,96.6,36.9,moving,warning
7,female,117,33,100,94.2,38.4,sitting,danger
10,female,117,22,98,97.6,39.5,falling,danger
9,female,147,26,119,97.3,38,lying,warning
8,female,129,20,119,99.2,39,sitting,danger
10,female,115,35,86,98,39.3,sitting,danger
6,male,118,43,98,99.2,38,falling,warning
9,male,119,42,87,95.6,37.3,sitting,normal
6,female,135,39,108,94.2,36.7,falling,warning
8,female,120,33,90,96.4,37.7,falling,warning
8,male,122,22,103,98.2,37.7,moving,warning
7,male,110,30,101,97.8,39,moving,danger
10,female,113,23,96,97.5,39.2,falling,danger
10,male,147,33,121,94.2,38.9,falling,danger
9,female,114,20,123,97.2,39.7,moving,danger
11,female,119,29,86,95.9,38.5,lying,danger
7,female,149,40,80,96.7,37,sitting,normal
8,male,137,28,107,96.1,38.7,moving,danger
9,male,113,44,99,99.1,37.6,falling,warning
7,female,143,33,117,95.8,37.2,lying,warning
11,female,135,38,107,98.4,37.4,falling,warning
7,male,147,36,127,95.2,39.8,moving,danger
8,male,122,24,106,96,38.2,lying,danger
10,male,126,41,96,98.1,39,moving,danger
11,female,127,26,88,99.2,39.7,moving,danger
11,male,111,30,121,97.7,37,falling,warning
6,male,129,45,83,94.8,38.4,sitting,danger
8,male,146,33,115,95,37.2,moving,warning
8,female,148,20,123,98,37.6,lying,warning
11,male,134,20,108,94.5,38.3,falling,danger
8,male,111,29,128,99.2,39.6,moving,danger
10,male,134,38,94,97,39.4,lying,danger
11,female,141,22,107,98.2,38.3,lying,danger
11,male,110,41,84,98.5,38.1,moving,danger
9,male,146,23,130,96.6,36.6,sitting,warning
8,female,119,36,104,96.6,38.7,lying,danger
6,male,129,22,125,98.9,36.3,falling,danger
9,female,110,32,128,98.9,37.9,falling,warning
6,female,149,28,97,99.9,36.7,moving,warning
10,male,122,24,122,96.2,37.9,moving,warning
8,female,119,22,129,97.2,37,sitting,warning
11,male,125,40,128,95.4,39.9,falling,danger
8,female,142,33,99,95,39.3,falling,danger
11,male,144,23,87,98.1,36.5,lying,normal
6,male,139,23,122,94.3,38.1,sitting,danger
11,female,115,42,88,99.8,36.5,falling,normal
9,male,136,38,114,98.8,39.7,moving,danger
7,female,117,23,121,95.8,39.8,moving,danger
9,female,116,28,89,99,39,moving,danger
9,male,150,38,102,96.8,36.4,moving,danger
8,female,126,20,80,94.7,38.3,sitting,danger
11,female,125,38,109,96.1,36.7,falling,warning
7,male,144,22,108,95.5,39.2,moving,danger
10,male,117,28,119,98,39.4,sitting,danger
7,female,111,38,124,96.2,38.8,moving,danger
7,female,133,41,91,97.5,37.8,moving,warning
7,female,148,28,97,97.1,38.6,moving,danger
6,female,121,28,124,97.5,39.6,lying,danger
11,female,143,25,120,99.1,36.5,moving,warning
8,female,144,24,90,98.2,38.2,moving,danger
6,male,129,45,82,95.5,38.7,moving,danger
8,male,119,28,83,94.5,39.2,falling,danger
10,male,142,36,88,97.8,39.8,falling,danger
11,female,135,39,87,98.9,36.1,falling,danger
11,female,127,40,110,98.8,36.9,moving,warning
8,female,129,42,109,98,39.1,sitting,danger
10,male,111,29,108,97.5,37.5,moving,warning
6,male,134,35,123,98.9,37.7,lying,warning
10,male,119,22,100,97.1,37.6,moving,warning
6,male,131,37,99,94.3,39.1,moving,danger
6,female,134,33,103,99,38.4,falling,danger
8,male,131,28,80,95.1,36.3,moving,danger
9,female,149,26,94,95.9,36.8,falling,warning
11,female,126,35,87,99.9,36.1,moving,danger
8,male,150,21,123,97.2,39.6,sitting,danger
9,female,139,33,98,98.7,37.7,falling,warning
9,female,128,38,93,96.2,36.8,falling,warning
11,male,135,35,100,95.6,36,falling,danger
8,female,134,41,114,95,39.1,falling,danger
7,female,143,23,120,98.8,38.9,falling,danger
11,male,144,36,114,98.6,38,sitting,warning
6,male,117,42,96,94.1,38.6,lying,danger
7,female,145,33,107,96,38.3,moving,danger
9,male,143,39,109,98.7,38.3,moving,danger
7,male,123,44,106,99.1,38.8,falling,danger
6,male,144,23,124,99.9,36.6,sitting,warning
8,female,132,35,120,95.7,37.3,falling,warning
11,male,147,41,85,98.3,37.6,falling,warning
6,male,114,27,105,94.3,37.9,sitting,warning
10,male,116,28,121,96.5,39,lying,danger
7,male,136,20,122,99,37.3,moving,warning
8,male,132,32,93,97.8,37.1,sitting,warning
11,male,116,41,115,95.1,39.8,lying,danger
8,male,126,30,100,99.5,39,lying,danger
11,male,139,33,112,97.5,36.3,sitting,danger
8,female,137,25,97,97.6,37.9,falling,warning
10,male,144,43,124,98.7,38.3,moving,danger
9,female,124,31,126,96.2,36.5,sitting,warning
9,male,132,30,102,97.4,38.3,sitting,danger
8,female,149,28,80,97.3,38.1,moving,danger
9,male,148,41,120,94,37.5,falling,warning
10,male,136,34,88,99.7,38.7,sitting,danger
10,female,111,37,118,94.9,36.9,sitting,warning
9,male,110,30,111,99,39.7,sitting,danger
10,male,139,27,92,96.9,37.8,sitting,warning
7,male,143,29,98,97.3,37.1,sitting,warning
9,male,120,40,102,95.4,39.8,sitting,danger
8,female,129,37,88,98.7,38.5,falling,danger
9,male,139,22,85,94.4,39.8,sitting,danger
9,female,133,36,123,98.1,37.7,lying,warning
7,male,114,23,83,95,39.9,moving,danger
11,female,124,27,115,95.3,39.8,falling,danger
6,male,112,24,123,98.6,38.5,falling,danger
8,male,130,37,101,98.3,37.9,moving,warning
10,female,148,43,98,98.7,37.6,sitting,warning
10,male,140,24,89,95.9,39,lying,danger
6,male,141,34,92,95.5,36.1,lying,danger
6,female,120,27,116,94.2,39,falling,danger
8,male,138,40,87,97.7,40,falling,danger
9,male,150,27,102,94.2,36.2,moving,danger
6,male,135,26,80,94.5,36.5,falling,warning
8,male,122,42,112,94.4,38,falling,warning
11,male,125,20,110,94,39.5,sitting,danger
7,male,149,36,89,96.9,38.3,sitting,danger
10,female,145,38,82,95.5,37.1,lying,normal
8,male,118,37,92,99,39.6,moving,danger
6,female,129,34,92,99.6,39.1,moving,danger
11,female,135,34,124,94.9,37.2,sitting,warning
6,female,145,41,93,94.2,37.1,falling,warning
9,female,117,41,120,97.2,36.3,falling,danger
9,male,117,34,96,95.7,36.6,lying,warning
11,female,140,43,114,95.7,36.6,falling,warning
11,female,125,33,101,97.6,36.6,moving,warning
6,male,115,21,112,98.8,37.2,falling,warning
9,male,140,25,103,95.8,39.2,falling,danger
10,female,133,43,83,97.6,36.1,moving,danger
8,female,138,23,121,99.4,36.6,sitting,warning
8,male,133,27,111,96.7,37.5,moving,warning
9,male,145,33,89,97.9,37.2,falling,normal
10,male,138,36,87,98.1,38.7,moving,danger
8,male,149,24,89,99.7,36.3,lying,danger
10,male,117,29,126,98.1,36.9,falling,warning
10,male,131,22,105,97.6,36.1,sitting,danger
9,female,126,31,105,96.9,38.9,sitting,danger
11,female,120,32,106,98.8,37.1,moving,warning
11,female,126,38,109,94.2,39.4,moving,danger
11,female,145,32,94,97.8,39.3,moving,danger
10,male,116,31,111,98.5,37.2,sitting,warning
10,male,118,33,104,95.4,38.1,lying,danger
8,female,133,22,102,97.5,38.8,moving,danger
8,male,150,45,113,96.1,38.9,moving,danger
11,male,116,41,118,99.7,38.1,lying,danger
11,female,150,45,112,97.2,37.4,sitting,warning
8,male,137,25,112,96.6,36.7,moving,warning
9,male,129,41,121,99.6,38.5,falling,danger
6,male,129,33,126,94.5,37,moving,warning
8,male,142,35,98,95,38.5,lying,danger
11,male,148,32,102,95.3,38.4,lying,danger
7,female,148,38,90,98.9,38,moving,warning
7,male,127,40,124,94,36.7,lying,warning
8,male,122,38,120,96.7,37.5,lying,warning
8,male,144,43,84,95.8,37.1,falling,normal
10,male,124,25,86,96.2,39.1,moving,danger
6,male,115,41,124,99.5,37.7,falling,warning
8,male,121,28,106,97.1,37.5,lying,warning
10,female,122,41,93,94.2,37.9,falling,warning
8,female,110,21,84,99.6,38.8,falling,danger
10,female,127,26,82,98.6,38.1,falling,danger
6,female,138,31,90,96.2,39.5,lying,danger
11,female,116,39,114,95.8,39.2,sitting,danger
7,female,116,41,97,95.9,39.7,falling,danger
10,male,132,38,123,99.1,38.5,sitting,danger
8,male,136,44,97,99.5,40,moving,danger
7,male,129,21,114,97,37,lying,warning
7,female,126,22,86,98.8,36.2,lying,danger
7,female,117,27,91,99.3,37.3,falling,warning
7,male,148,32,128,98.1,39.9,falling,danger
8,male,127,32,123,95.4,37.8,falling,warning
10,female,138,37,115,98.8,36.9,lying,warning
11,male,136,20,128,96.6,38.6,moving,danger
9,female,121,38,125,99.5,38.4,lying,danger
9,male,115,36,122,98.1,38.1,lying,danger
10,female,144,34,86,99.4,38.1,falling,danger
7,female,119,38,111,95.3,36.5,falling,warning
7,female,134,31,109,96,39.4,falling,danger
10,female,126,31,117,95.7,36.5,lying,warning
10,male,110,40,82,96,37.8,lying,warning
9,female,144,41,90,97.3,38.8,moving,danger
9,female,130,45,94,95.7,39.7,moving,danger
6,male,133,24,128,95.4,38.9,sitting,danger
9,male,132,41,91,97.3,37.4,falling,warning
6,female,149,34,110,96,36.7,sitting,warning
9,male,134,41,125,96.8,38,falling,warning
6,female,118,38,84,95.6,38.9,moving,danger
8,female,110,39,85,97.4,36,falling,danger
7,female,110,35,81,96.2,37.9,falling,warning
10,female,118,33,82,98.5,39.1,falling,danger
8,female,141,27,122,97.6,39.8,sitting,danger
6,male,129,43,94,99.6,36.6,lying,warning
10,male,145,36,105,99.7,38.2,moving,danger
7,male,118,27,86,97.2,36.1,moving,danger
9,female,137,23,121,94.9,39.3,lying,danger
7,female,120,44,102,99.1,37.8,moving,warning
10,female,128,44,122,100,36.7,moving,warning
9,male,122,26,82,97.1,40,lying,danger
9,male,145,25,125,96.9,37.6,lying,warning
10,female,144,24,117,95.8,39,sitting,danger
6,female,127,39,123,96.4,36.7,falling,warning
8,female,121,25,90,98.7,39.5,falling,danger
6,male,132,38,123,98.2,37.3,falling,warning
8,male,110,23,128,96.2,37.7,falling,warning
7,female,117,34,91,96.1,38.3,lying,danger
10,male,118,42,96,95.6,39.1,lying,danger
7,female,123,31,101,96.3,39.8,lying,danger
8,male,126,44,130,97.2,36.1,lying,danger
7,female,148,41,112,97.4,39.8,sitting,danger
11,female,134,45,103,96.3,39.8,moving,danger
8,female,110,34,126,97.1,39.5,lying,danger
7,male,135,26,103,99.2,37.7,lying,warning
7,male,128,24,125,96,37.6,moving,warning
7,male,144,20,80,96.9,39.1,sitting,danger
9,female,136,39,127,98.7,38.3,moving,danger
8,male,126,40,96,95.3,38.9,lying,danger
10,female,118,41,83,96.7,36,sitting,danger
7,male,132,39,130,99.6,39.5,sitting,danger
11,male,128,31,83,97.4,37.4,falling,normal
10,female,122,29,118,97.8,36.2,sitting,danger
6,male,131,39,113,96.9,37.3,lying,warning
11,male,144,29,81,98.7,40,sitting,danger
11,female,129,24,87,98.5,36.7,sitting,normal
8,female,133,21,109,99.6,37.2,moving,warning
6,male,135,21,99,98.8,36.8,moving,warning
7,female,138,26,113,97.3,36.7,lying,warning
11,female,141,35,82,98.1,37,falling,normal
8,female,149,44,96,99.8,37.8,lying,warning
10,female,111,31,118,94.4,38,lying,warning
6,male,141,27,129,97,36.4,moving,danger
11,male,138,41,112,95.6,38.2,lying,danger
10,female,115,44,117,96,36,sitting,danger
9,female,116,40,124,99.3,37.9,lying,warning
11,male,137,27,96,96.3,39.2,falling,danger
10,female,122,25,121,95.9,39.2,falling,danger
10,female,130,24,90,96.6,36.1,moving,danger
7,male,121,33,109,95,36.1,sitting,danger
9,male,147,29,82,98.9,39.9,moving,danger
9,male,132,30,102,95.6,36.8,falling,warning
9,male,141,30,100,97.3,37,sitting,warning
10,female,126,43,87,99.9,39.5,falling,danger
10,female,121,20,113,94.8,38.4,sitting,danger
9,male,127,23,117,95.9,38.9,moving,danger
11,male,112,44,86,97,39.8,moving,danger
10,female,129,37,81,98.3,38.6,lying,danger
7,female,117,30,122,94.5,37.7,falling,warning
6,female,113,22,113,98.3,39,moving,danger
11,female,117,30,107,94.7,36.9,falling,warning
8,female,118,43,83,94.5,38.2,moving,danger
9,male,128,24,108,95.5,38,falling,warning
7,female,133,32,126,95.5,36.1,sitting,danger
6,male,129,42,87,99.5,37.8,moving,warning
9,male,140,32,94,96.5,36.4,sitting,danger
7,male,141,28,112,99.1,36.9,sitting,warning
6,male,122,23,111,96.5,36.8,sitting,warning
9,female,150,22,83,94.7,37,sitting,warning
11,male,113,44,105,95.1,36,sitting,danger
10,male,147,32,84,99.2,36.8,moving,normal
7,male,143,23,121,99.8,36.7,moving,warning
11,female,110,43,102,94.9,38.5,moving,danger
9,female,146,27,100,94.2,36.6,lying,warning
9,male,115,43,102,94.3,36.6,falling,warning
11,male,119,43,111,98.4,36.4,falling,danger
9,female,134,30,113,97.2,38.6,moving,danger
6,female,143,30,91,99.2,37.1,moving,warning
11,male,136,22,92,95.1,38.4,moving,danger
11,female,117,38,129,97,38.9,moving,danger
11,male,117,39,130,98.8,38.1,moving,danger
10,female,128,21,90,98.6,38.1,moving,danger
11,male,150,35,105,98.9,38.5,lying,danger
11,female,122,20,109,95.7,37.4,lying,warning
11,male,147,43,87,94.1,37.1,sitting,warning
11,male,136,32,123,96.9,36.7,sitting,warning
9,male,134,35,85,97.1,37.7,lying,warning
6,male,121,37,93,98.1,37.6,lying,warning
6,female,126,33,123,96.2,36.6,lying,warning
10,female,117,37,80,99.9,36.5,lying,normal
8,female,118,41,105,95.7,39.7,falling,danger
7,male,123,35,83,98.5,37.2,sitting,normal
7,male,128,33,126,94.9,38.2,moving,danger
8,male,121,41,101,96.1,36.7,sitting,warning
10,male,140,28,86,97.5,36.4,lying,danger
6,male,147,31,107,99.6,37.8,moving,warning
7,female,132,29,122,94.7,38,lying,warning
9,male,148,36,125,94.1,37.9,falling,warning
6,female,138,20,107,97.2,39.8,falling,danger
8,female,114,22,120,96.7,38.7,falling,danger
9,male,112,28,121,99.7,39.5,falling,danger
9,male,123,27,128,95.7,39.1,falling,danger
7,female,136,36,127,97.1,37.1,moving,warning
7,female,114,34,89,97.3,37.4,sitting,normal
10,female,118,27,121,100,36.8,lying,warning
7,female,113,31,108,97.1,39,falling,danger
8,male,141,30,102,98.8,38.3,sitting,danger
9,male,137,22,105,96,40,moving,danger
7,male,142,39,115,96.8,38.9,sitting,danger
9,female,140,35,123,95.8,39.7,lying,danger
6,male,134,40,127,95.9,37.3,sitting,warning
9,male,138,26,84,94.7,38.9,lying,danger
7,female,149,32,99,94.8,37.4,moving,warning
8,male,134,22,123,96.6,36.7,falling,warning
6,male,142,33,115,97.9,36.9,moving,warning
6,female,134,45,84,97.6,37.8,moving,warning
8,female,140,30,122,94.1,36.3,moving,danger
8,female,142,42,100,94.3,37,lying,warning
11,male,138,26,107,95,36.7,falling,warning
10,male,140,38,87,99.3,37.8,lying,warning
7,male,113,28,80,96.3,37.4,moving,normal
8,female,121,30,124,96.3,37.7,lying,warning
10,male,127,35,82,95.9,36.2,lying,danger
7,male,110,36,90,94.5,36.4,sitting,danger
6,female,122,21,113,94.2,36.1,moving,danger
7,female,127,37,126,97,36,sitting,danger
6,female,139,28,103,96.7,39,sitting,danger
6,female,142,31,124,97.4,38.6,lying,danger
7,male,144,24,124,97.3,38.4,moving,danger
11,female,129,36,84,96,36,moving,danger
8,female,129,36,127,96.3,37.2,falling,warning
11,male,119,43,93,98.3,39,moving,danger
9,male,127,28,101,95,36.1,lying,danger
11,female,138,23,102,96.4,37.7,lying,warning
6,male,112,21,110,95.3,38,lying,warning
11,male,140,32,109,97.9,36.2,falling,danger
11,male,141,31,97,94.1,37.6,moving,warning
10,male,111,22,123,98.5,39.7,sitting,danger
10,female,113,25,86,96,38.6,falling,danger
10,female,144,38,99,99.9,38.4,falling,danger
9,male,146,34,111,95.3,36.5,lying,warning
11,male,125,44,86,97.4,36.5,falling,normal
7,male,128,36,120,98.7,38.9,lying,danger
7,male,132,20,106,98.1,39.5,sitting,danger
7,female,146,33,109,96.5,36.1,moving,danger
7,male,118,21,114,96.8,37,lying,warning
10,male,127,29,90,96.5,37.6,lying,warning
6,male,141,25,125,97.7,38.1,falling,danger
8,female,131,44,105,98.3,36.5,falling,warning
8,female,133,23,84,95.6,39.8,lying,danger
10,male,144,20,110,98.5,36.5,moving,warning
7,male,145,28,96,96.3,39.1,falling,danger
11,male,138,44,106,98.1,37.8,moving,warning
11,female,116,33,121,95.3,37.3,sitting,warning
7,male,147,29,108,94.4,39,falling,danger
6,female,143,45,82,95.7,39.7,moving,danger
7,female,138,43,91,99,37.1,sitting,warning
9,male,113,23,125,98.6,39.5,moving,danger
10,male,134,30,99,97,36.3,moving,danger
9,female,110,28,122,99.8,36.8,lying,warning
9,female,118,35,116,94,37.9,sitting,warning
9,male,116,38,106,100,39.3,sitting,danger
6,male,150,43,101,94.4,36.6,falling,warning
8,male,115,40,119,94.8,39.3,sitting,danger
7,female,133,22,120,97.9,38.6,lying,danger
6,male,131,29,81,99,38.3,moving,danger
9,male,113,40,123,98.5,39.5,falling,danger
9,female,128,35,99,96.9,38.4,sitting,danger
8,male,111,32,90,96.3,38.3,moving,danger
9,female,123,31,130,96.4,39.6,moving,danger
8,male,116,23,95,94.7,38.1,lying,danger
9,male,117,23,84,95,38.9,lying,danger
6,male,139,26,94,97.1,39.8,falling,danger
11,female,129,31,122,95.2,37.6,sitting,warning
6,male,141,33,126,98.4,37.4,moving,warning
9,female,137,39,115,97.4,39.2,lying,danger
8,female,127,27,99,94.7,36.1,falling,danger
7,female,122,23,110,98.6,39.3,sitting,danger
11,female,141,26,105,96.4,38,moving,warning
11,male,133,27,91,96.9,40,sitting,danger
10,male,135,29,102,97.6,40,moving,danger
10,female,116,30,123,97.9,36.5,lying,warning
10,male,144,25,115,98,36.4,lying,danger
9,male,139,34,101,97.3,38,moving,warning
9,female,121,43,113,94.6,39.6,sitting,danger
7,female,137,34,127,96.1,36.1,sitting,danger
10,male,147,34,118,99.7,38.6,falling,danger
8,male,110,44,115,97.6,38.6,sitting,danger
7,male,128,25,122,97.5,37.7,sitting,warning
8,male,137,38,127,94.3,37.7,lying,warning
9,male,130,45,103,97.5,39.2,moving,danger
10,male,133,36,83,97.5,36.8,falling,normal
9,male,143,31,81,98.1,39.7,sitting,danger
8,male,148,20,130,94.7,38,moving,warning
10,male,137,22,104,98.5,39.5,lying,danger
8,female,127,34,113,94,40,sitting,danger
7,male,141,24,84,99.6,36.8,sitting,normal
7,female,110,38,109,96.4,36.9,falling,warning
7,male,113,27,86,98.3,38.2,sitting,danger
9,male,131,32,105,94.9,37.3,falling,warning
9,female,129,36,97,99.6,38.8,lying,danger
9,female,137,44,81,96.7,39.2,sitting,danger
7,male,133,38,117,99.3,38.3,lying,danger
6,male,129,23,104,95.1,36.1,falling,danger
6,male,146,25,119,96.7,39.1,sitting,danger
6,female,129,37,103,95,37.4,moving,warning
9,male,150,32,112,94.3,36.5,sitting,warning
8,female,111,22,119,99.2,39.2,sitting,danger
8,female,129,37,82,100,37.9,sitting,warning
6,female,119,35,85,94.4,36.6,lying,warning
11,female,128,32,122,96.7,37.7,sitting,warning
11,male,131,35,82,94.6,39,sitting,danger
10,male,148,35,91,98.7,39.8,lying,danger
7,male,149,23,130,94.9,38.5,moving,danger
11,male,144,27,87,98.3,38,lying,warning
11,female,132,38,88,99.7,39.7,moving,danger
11,male,124,39,118,99.5,39,moving,danger
8,female,145,39,81,96.2,37.9,lying,warning
7,male,127,36,90,95.1,37.2,lying,warning
6,female,146,25,107,96.4,39.7,moving,danger
8,male,132,22,103,95.4,40,sitting,danger
7,female,142,42,81,99.6,39.7,falling,danger
10,female,127,36,81,97.4,38.1,sitting,danger
11,female,114,31,125,97.5,38.4,sitting,danger
10,male,123,38,93,97.1,39.5,moving,danger
8,male,140,34,83,94.2,39.2,moving,danger
6,female,111,38,88,95.3,37,sitting,normal
6,male,126,25,88,98,36.9,moving,normal
8,male,127,30,103,94.7,39.2,lying,danger
7,female,131,27,127,99.4,38.3,falling,danger
10,male,126,27,99,97.1,38.7,moving,danger
6,female,143,44,106,96.5,38.2,moving,danger
6,male,116,32,111,99.8,36.6,sitting,warning
8,male,144,42,128,94.6,38,lying,warning
11,male,123,22,110,98.3,39.5,sitting,danger
8,female,124,36,110,95.1,38.4,moving,danger
9,female,136,26,123,99.7,37.9,falling,warning
7,female,150,21,88,99,39.8,lying,danger
11,male,129,30,87,94.3,39.8,sitting,danger
10,female,122,35,104,98.4,39.3,falling,danger
11,female,135,39,118,96.2,38.2,moving,danger
7,female,122,36,113,97.6,37.3,lying,warning
9,male,120,45,123,96.7,37.5,moving,warning
7,male,136,21,94,97.1,37.9,falling,warning
7,male,124,45,102,99,37.3,sitting,warning
6,female,140,23,95,98.9,38.4,sitting,danger
10,female,120,33,92,96.2,36.8,falling,warning
9,male,140,39,112,98.7,39,sitting,danger
7,female,146,44,100,99.3,39.4,moving,danger
8,male,117,40,118,94.3,37.5,falling,warning
8,male,117,33,129,97.2,39.1,falling,danger
9,male,150,43,91,94.8,37.5,falling,warning
6,female,110,28,83,97.9,38.4,falling,danger
10,female,129,38,111,99.1,39.9,sitting,danger
11,male,112,42,87,99.2,36.2,lying,danger
11,female,130,43,84,96.7,38.2,moving,danger
11,female,139,40,116,98.9,40,lying,danger
8,male,132,31,105,97.9,36.5,lying,warning
10,female,110,27,127,98.6,36.9,lying,warning
8,male,134,27,110,97.6,38.2,lying,danger
7,female,112,43,94,95,39.6,lying,danger
9,female,112,22,130,96,37.2,falling,warning
8,female,124,23,115,97.9,36.7,falling,warning
11,female,120,33,127,95.1,39,lying,danger
7,female,140,45,116,96.2,39.9,moving,danger
7,male,121,38,81,97.5,38.5,lying,danger
6,female,140,23,86,97.8,39.6,falling,danger
6,male,127,33,113,96.8,37.5,sitting,warning
7,male,149,37,104,94.4,39.5,sitting,danger
11,female,112,45,110,97.5,38.6,falling,danger
7,male,112,41,126,96,39.9,moving,danger
9,male,136,25,85,98.8,37.9,falling,warning
11,female,138,35,102,96.1,37.4,lying,warning
10,female,117,32,90,95.8,38.2,falling,danger
9,male,127,30,92,94.3,36.4,lying,danger
11,male,128,26,97,95.2,37.7,lying,warning
8,female,123,42,117,96.6,36.2,moving,danger
9,female,130,21,126,95.2,38.4,falling,danger
11,male,117,38,97,94.5,37,sitting,warning
10,male,115,25,109,97.2,37.9,sitting,warning
6,male,147,25,92,96.1,36.5,moving,warning
11,male,140,30,84,97.4,37.2,falling,normal
11,male,115,39,118,99,38.7,lying,danger
8,female,150,44,91,95.7,36.5,sitting,warning
11,male,121,25,102,94,39.5,moving,danger
10,male,116,30,102,98.2,38.9,falling,danger
11,male,123,22,121,95.4,38.1,sitting,danger
8,male,122,37,109,96,38.8,sitting,danger
9,female,135,20,89,96.1,37.4,moving,normal
8,female,140,20,113,95,38.8,moving,danger
11,female,145,29,95,95.3,37,sitting,warning
7,female,111,44,120,95.6,39.8,falling,danger
8,male,142,36,93,96.6,39.9,sitting,danger
9,male,141,24,113,94.6,37.5,falling,warning
10,male,128,44,92,99.6,39.3,moving,danger
9,female,116,36,113,99.9,36.6,sitting,warning
10,male,130,33,127,97.9,38,lying,warning
8,female,122,34,92,97.8,37.3,sitting,warning
7,female,122,36,106,95.8,38.1,falling,danger
9,male,133,41,95,99.7,36.2,lying,danger
6,female,113,42,91,95.8,39.4,falling,danger
11,male,131,33,105,97,37,moving,warning
7,female,148,23,129,94.9,37.8,moving,warning
9,female,127,40,124,97,37.2,lying,warning
10,male,126,43,92,97.1,36.2,lying,danger
10,female,121,33,123,95,39.5,lying,danger
6,female,147,23,99,95.8,38.4,moving,danger
10,male,116,37,92,94.1,36.2,lying,danger
9,female,137,29,96,99.2,37.6,falling,warning
8,male,136,44,87,97.3,38.4,sitting,danger
6,male,134,20,125,94,38.1,moving,danger
6,male,128,42,110,94.4,38.3,sitting,danger
10,female,149,36,130,98.3,39,falling,danger
9,female,121,45,118,95.6,38.5,moving,danger
6,male,118,34,107,94.9,39.4,sitting,danger
9,male,130,37,80,95.8,38.1,lying,danger
9,male,141,34,87,96.7,36.4,moving,danger
9,male,139,34,113,96.6,37.8,lying,warning
9,male,122,29,100,99.2,36.8,lying,warning
10,male,111,41,96,95.7,36.8,sitting,warning
8,male,113,24,125,94.8,36.5,lying,warning
6,male,119,36,83,99.2,38.8,sitting,danger
11,female,120,22,114,96.2,37.7,falling,warning
11,female,148,44,122,99.3,36.1,moving,danger
10,female,136,45,83,95.2,38.2,falling,danger
9,male,124,43,102,94.2,36.3,lying,danger
7,female,112,33,114,95.2,39,sitting,danger
7,female,141,23,117,98.1,39.6,lying,danger
11,female,132,38,109,97.1,39,moving,danger
7,male,130,21,85,94.7,39.2,moving,danger
6,female,138,33,91,96.3,36.2,lying,danger
11,female,121,41,101,96.5,37.2,moving,warning
6,female,146,28,109,97.7,38,falling,warning
10,male,136,32,98,95.2,36.9,sitting,warning
11,female,110,40,92,99.2,39.9,moving,danger
6,male,147,25,83,100,36.4,lying,danger
10,male,112,45,91,95.3,39.1,falling,danger
11,female,129,31,129,99.8,39.6,sitting,danger
8,male,150,20,126,97,36.8,moving,warning
11,female,115,38,96,96.9,39.4,falling,danger
9,male,140,34,89,95.2,37.6,falling,warning
6,male,146,21,121,97.3,36.8,moving,warning
10,male,129,41,114,98.9,36.4,falling,danger
10,male,122,42,117,94.2,39,lying,danger
7,male,130,45,89,98.2,36.4,falling,danger
7,female,137,40,121,98.9,38.3,lying,danger
6,male,126,31,93,99.9,36.3,falling,danger
9,male,112,34,84,94.9,38,falling,warning
11,female,149,27,129,97.7,39.7,sitting,danger
11,female,129,20,122,97.6,39,sitting,danger
7,female,122,24,108,95.5,38.3,lying,danger
8,male,146,34,112,97.6,39.6,moving,danger
11,male,138,20,116,96.9,37.6,lying,warning
8,male,150,39,103,97.2,38.6,sitting,danger
8,male,139,33,99,97.2,37.7,sitting,warning
10,male,131,22,109,96.5,39.3,lying,danger
9,male,127,22,114,95.3,37.9,lying,warning
9,male,136,22,112,94.2,37.1,falling,warning
6,male,145,24,89,99.9,37.6,falling,warning
10,male,114,41,114,99.1,38.5,falling,danger
7,male,139,30,127,99.2,39.8,falling,danger
9,male,113,39,89,98.5,37.1,sitting,normal
6,female,114,32,130,99.1,39.7,moving,danger
10,male,134,23,105,95,37.4,sitting,warning
11,male,150,27,107,94.7,37.3,moving,warning
10,female,144,21,128,96.2,39.6,moving,danger
11,female,135,28,109,99.6,36.4,moving,danger
11,female,111,27,108,98.8,37.1,lying,warning
11,female,127,44,97,98,40,falling,danger
6,female,120,40,91,100,39.8,moving,danger
11,female,138,28,85,97,37.8,falling,warning
9,female,134,43,110,96.1,37.7,sitting,warning
8,female,146,41,118,99.3,36.9,moving,warning
8,male,144,27,107,97.8,37.3,lying,warning
8,male,146,21,125,98.8,36.2,sitting,danger
9,female,113,22,84,99.1,39.8,falling,danger
10,male,146,41,124,99.6,37.4,sitting,warning
10,male,121,23,123,95.7,38.3,sitting,danger
11,female,139,23,101,98,39.5,sitting,danger
6,female,112,24,93,99.9,37.7,moving,warning
11,male,114,25,107,95.2,37.7,lying,warning
9,male,146,23,129,97.6,38.8,moving,danger
8,male,123,40,96,99.4,37.6,sitting,warning
7,male,147,42,80,97.6,36,moving,danger
6,male,135,25,103,94.2,39.7,falling,danger
6,male,134,23,87,95.2,36.8,falling,normal
8,male,126,37,85,97,39.6,sitting,danger
11,male,131,29,91,94.4,36.4,sitting,danger
11,female,125,31,83,95.4,39.2,sitting,danger
7,female,117,30,122,96.8,38.1,falling,danger
6,male,116,39,97,99.4,37.3,moving,warning
11,female,125,38,126,96.5,39.9,sitting,danger
9,male,139,45,116,96.8,39.7,lying,danger
11,female,148,42,103,99.5,37.4,lying,warning
7,female,150,32,84,98,38.3,moving,danger
10,female,141,45,95,96.2,39.2,sitting,danger
10,male,132,25,115,96.7,36.4,lying,danger
6,male,114,22,80,95.5,36.7,falling,normal
6,male,150,22,89,96.8,39.8,moving,danger
6,male,135,40,81,96.7,38.7,lying,danger
9,female,128,36,90,99.6,36.7,sitting,warning
8,female,147,27,83,94.5,37,falling,warning
9,female,144,22,90,97.9,36.2,moving,danger
9,female,125,22,121,96.4,38.6,falling,danger
9,female,126,21,106,95.9,38,sitting,warning
6,male,117,45,123,99.9,38.4,falling,danger
6,female,133,34,106,99.8,36.1,moving,danger
7,male,128,20,89,94.2,39.6,falling,danger
7,female,130,44,84,95.7,38.9,lying,danger
6,male,140,43,99,96.9,38.3,moving,danger
7,female,144,21,122,98.6,37.7,falling,warning
7,female,112,41,88,94.7,37.1,falling,warning
8,male,140,36,121,95.7,37.1,lying,warning
10,female,113,21,114,99.8,36.6,lying,warning
7,female,134,24,104,95,39.7,lying,danger
11,male,118,28,107,96.5,37.9,sitting,warning
8,male,122,38,96,96.9,37.5,moving,warning
9,male,115,42,121,94.2,36.2,moving,danger
7,female,147,35,111,97.3,38.2,lying,danger
9,male,141,44,118,94.9,36.5,lying,warning
11,female,147,42,110,96.7,38,falling,warning
6,female,118,25,104,97.5,38.2,sitting,danger
8,female,146,33,108,98.9,38.3,lying,danger
9,male,149,31,92,95,36.3,sitting,danger
9,female,135,33,110,99.5,36,lying,danger
7,male,115,43,95,98.5,36.3,moving,danger
11,male,115,36,119,97.7,36.5,sitting,warning
10,male,136,25,103,97.6,38.8,sitting,danger
6,male,136,43,86,97.4,39.7,sitting,danger
6,female,128,22,87,95.8,37,falling,normal
11,male,127,28,107,98.1,37.2,lying,warning
6,female,115,36,83,98.8,37.1,falling,normal
9,female,121,25,94,96.1,38.8,sitting,danger
10,female,142,26,83,96.8,38.9,lying,danger
7,female,121,26,102,96,39,moving,danger
11,male,112,22,97,100,36.9,lying,warning
9,male,148,38,83,96.1,39.3,sitting,danger
7,female,119,24,87,95.2,36.8,lying,normal
9,male,128,37,120,99.7,37.9,sitting,warning
8,male,141,39,94,97.7,37.9,moving,warning
10,female,111,34,108,95.2,39.6,falling,danger
9,female,114,34,88,94.2,37,falling,warning
11,female,146,39,84,98.2,37.3,falling,normal
6,male,145,40,83,97.1,36.3,moving,danger
11,female,137,38,100,97.2,37,sitting,warning
11,male,129,34,86,98.6,36.4,sitting,danger
9,female,113,42,127,95.5,37.8,sitting,warning
7,male,132,38,93,97.3,38,falling,warning
9,male,127,24,116,96.8,38.7,moving,danger
11,male,118,24,85,95.1,38.4,falling,danger
9,male,125,22,115,94.4,36.9,lying,warning
11,male,138,42,108,99.2,39.3,lying,danger
8,female,141,24,110,99.1,38.1,falling,danger
9,male,112,37,89,95.2,37.8,sitting,warning
11,female,128,20,89,98.9,38.6,lying,danger
7,male,127,42,112,94.3,37.3,lying,warning
9,male,134,25,118,96.1,38.1,sitting,danger
8,female,136,35,85,99.8,38.7,falling,danger
6,female,121,20,128,94.2,37.6,moving,warning
10,female,140,29,96,98.8,37.9,lying,warning
9,female,113,38,106,96.9,37.9,sitting,warning
8,female,142,20,126,96.7,39,moving,danger
8,female,133,41,107,95.8,36,moving,danger
10,female,148,24,86,97.9,39.8,lying,danger
6,female,128,30,130,94.5,39.9,moving,danger
9,female,137,33,112,94.9,38.8,moving,danger
8,female,120,32,107,96.6,36.8,moving,warning
9,female,116,42,84,94.6,37.7,lying,warning
11,female,132,45,122,98.2,36.4,moving,danger
9,male,148,29,97,96.4,38.5,moving,danger
10,female,133,38,88,96.6,38.1,falling,danger
11,male,120,29,113,94.2,39.9,lying,danger
11,male,141,24,103,97,39.9,moving,danger
11,male,130,22,128,99.5,37.8,sitting,warning
10,female,131,23,96,97.5,38.6,sitting,danger
7,female,131,29,115,96.9,38.5,falling,danger
7,male,143,45,121,96.7,39.7,falling,danger
7,male,137,22,114,98.5,37.5,lying,warning
9,male,138,33,86,97.6,37.9,lying,warning
8,male,149,34,122,95.2,39.1,lying,danger
10,female,120,26,95,99.6,37.1,lying,warning
6,male,149,20,104,95.9,39.3,falling,danger
7,female,117,36,123,95.3,38.3,sitting,danger
10,female,128,29,106,97.9,39.2,falling,danger
8,male,132,31,85,98.5,37.5,sitting,normal
10,female,111,23,108,94.4,39.2,lying,danger
8,female,136,20,111,94.6,39.9,sitting,danger
8,male,110,45,103,96.8,37.7,sitting,warning
8,female,147,43,122,97.9,39.3,sitting,danger
8,male,117,30,112,96.4,36.2,falling,danger
8,male,131,20,95,95,37.2,lying,warning
6,female,135,42,125,96.6,38.3,lying,danger
11,female,121,34,91,98.2,36.8,moving,warning
11,male,140,36,101,97.5,38.5,lying,danger
11,female,115,22,115,97.9,37.2,lying,warning
7,male,144,42,81,94.8,36.6,sitting,warning
8,female,119,45,90,94.7,36.9,sitting,warning
10,female,119,24,97,95.3,38.1,falling,danger
7,male,124,35,129,96.2,36.1,moving,danger
9,female,112,32,96,94.6,36.1,moving,danger
9,female,132,34,119,95.9,38.6,lying,danger
7,female,111,32,84,96.9,36.3,falling,danger
6,male,125,40,97,98,39,sitting,danger
11,female,137,21,114,96.3,36.7,lying,warning
10,female,147,21,90,94.6,39.2,moving,danger
8,female,134,26,85,99.5,36.6,lying,normal
9,male,128,43,104,98.3,39.4,moving,danger
9,female,118,40,107,96.4,36.5,lying,warning
8,female,119,20,128,97.1,36.7,moving,warning
6,male,145,45,118,98.1,38.4,moving,danger
9,male,129,33,108,98.5,36.4,sitting,danger
7,female,112,25,98,99.9,36.5,sitting,warning
7,female,137,27,100,99.5,38,falling,warning
9,male,140,33,128,95.7,39.5,sitting,danger
8,male,133,20,98,98.9,39.3,sitting,danger
8,female,136,27,109,94.6,38,sitting,warning
6,male,111,28,90,96.3,39.8,sitting,danger
9,male,135,39,100,94.8,38.1,falling,danger
9,male,122,27,129,98,38.5,falling,danger
10,male,135,36,88,97.8,38.6,lying,danger
11,male,130,38,117,95.8,36.9,moving,warning
6,female,113,30,88,94.8,39.2,lying,danger
11,male,150,36,125,98.8,36.6,falling,warning
6,male,114,39,101,97.2,37.7,lying,warning
10,female,143,45,112,99.6,38.2,lying,danger
11,female,133,24,125,97.9,37.6,falling,warning
6,female,142,26,92,99.3,37.8,moving,warning
8,male,131,41,83,99.6,37.2,moving,normal
8,female,113,33,111,99.1,39.7,sitting,danger
6,male,117,27,91,94.6,37,moving,warning
9,male,140,43,94,94,37.4,sitting,warning
8,male,123,23,125,99.1,38.9,lying,danger
11,male,141,43,105,99.3,39.6,falling,danger
11,male,113,38,106,95.4,38.9,moving,danger
6,male,149,45,92,95.2,38.8,sitting,danger
7,male,143,26,109,94.8,38.3,falling,danger
8,male,110,42,105,96.8,40,lying,danger
6,male,110,32,123,98.5,38.3,sitting,danger
6,female,117,21,91,97.2,36.2,sitting,danger
10,male,131,22,81,95.8,39.9,falling,danger
11,female,144,43,93,95.7,38.7,sitting,danger
9,female,117,20,87,96.5,37.4,lying,normal
6,female,127,20,128,96.3,38.1,sitting,danger
10,male,116,44,112,96.2,38.7,falling,danger
6,female,133,33,109,96.4,38.4,falling,danger
11,male,132,37,103,98.6,39.9,falling,danger
6,female,127,29,109,97.5,39.9,sitting,danger
8,female,132,38,112,95.9,38.3,lying,danger
10,female,119,37,126,99.8,37.2,lying,warning
7,male,124,32,96,97.7,37.3,falling,warning
8,female,130,42,130,95.6,39.3,falling,danger
11,male,139,30,124,97.1,39.3,falling,danger
11,female,124,38,84,99.3,36.5,sitting,normal
10,female,115,23,99,94.8,37.8,sitting,warning
7,female,127,42,92,95.4,40,lying,danger
8,male,110,35,105,96.8,36.3,moving,danger
10,female,149,28,118,96.7,38,falling,warning
11,female,127,34,117,97.7,38.2,sitting,danger
8,male,129,32,80,97.1,39.9,sitting,danger
8,male,124,38,96,94.9,38.8,sitting,danger
10,female,142,30,85,94.8,37,moving,warning
6,female,111,43,115,99.6,36.7,falling,warning
10,male,131,43,114,96.8,37.2,lying,warning
7,male,112,22,116,94.8,39.3,lying,danger
9,male,145,33,82,95.2,39.7,moving,danger
9,female,112,42,101,99.1,38.3,falling,danger
7,male,138,27,91,95.9,39.7,falling,danger
9,male,143,22,84,96.7,39.6,lying,danger
8,female,123,23,81,98.2,37.5,lying,normal
8,female,132,23,95,99.6,39.4,falling,danger
8,female,116,37,125,97.5,37.6,falling,warning
11,male,114,31,113,96,39.2,sitting,danger
9,female,115,42,126,98.6,39.1,falling,danger
8,male,115,43,82,97.9,38.7,falling,danger
8,male,110,44,121,97,37.1,falling,warning
7,female,142,21,108,97.9,36.3,moving,danger
9,male,117,28,93,98.9,39.5,sitting,danger
7,male,111,38,99,99.7,38.8,falling,danger
6,female,110,29,112,97.9,36.4,sitting,danger
10,male,125,38,103,99.4,38.2,moving,danger
7,female,124,33,113,97.5,39.8,moving,danger
10,male,138,37,93,96.7,39.8,moving,danger
9,female,140,29,88,99.2,38.8,sitting,danger
10,male,131,28,117,96.6,39.9,sitting,danger
9,female,110,37,82,97,39.6,lying,danger
10,female,118,45,111,96.3,36.6,sitting,warning
10,female,116,36,113,95.7,37.9,sitting,warning
10,female,111,23,101,96.8,37.1,sitting,warning
11,female,113,29,92,98.5,38.1,moving,danger
10,female,150,24,121,94.3,39.4,sitting,danger
9,female,134,23,124,96,39.1,moving,danger
11,female,110,24,113,94.6,38.6,lying,danger
8,female,116,31,101,97.2,36.7,falling,warning
10,female,141,40,121,98.3,39.6,moving,danger
8,male,134,24,130,97.3,37.4,moving,warning
9,female,132,44,88,95,36.4,lying,danger
11,male,128,38,100,95.9,38.2,falling,danger
10,male,120,25,108,99.2,38.1,falling,danger
9,male,150,21,85,98.9,39.1,lying,danger
10,female,136,39,120,99.3,36.3,falling,danger
10,female,143,33,129,97.4,38.2,sitting,danger
6,female,126,30,121,98.5,37.8,falling,warning
10,male,146,40,130,96,38.3,falling,danger
6,female,111,35,89,95.3,36.1,lying,danger
7,male,140,26,106,96.6,38.7,moving,danger
11,female,150,25,101,96.4,36.7,sitting,warning
8,female,129,26,85,97.3,39.8,falling,danger
8,female,140,23,101,96.8,37.3,moving,warning
7,female,118,42,81,95.9,36.5,sitting,normal
10,female,133,33,91,94.6,37.2,lying,warning
11,male,143,34,124,95.6,36.2,lying,danger
7,female,149,24,107,95.5,39.1,sitting,danger
7,male,131,27,97,95.4,37.4,moving,warning
9,male,145,29,103,98.2,37.9,moving,warning
9,female,128,44,92,99.1,37.8,sitting,warning
8,female,124,23,114,94.4,38.8,falling,danger
11,female,132,38,123,95.7,38.4,sitting,danger
7,male,146,28,96,99.9,38.8,moving,danger
7,female,139,27,128,95.6,37.7,sitting,warning
6,female,136,26,108,98.9,38.8,moving,danger
7,male,142,22,109,97,36.2,moving,danger
6,female,114,35,81,99.4,36.3,sitting,danger
7,male,123,20,89,96.2,39.8,lying,danger
7,male,138,33,124,97.8,38.9,lying,danger
8,female,116,29,128,94.7,36.5,moving,warning
11,female,139,28,97,97.5,36,sitting,danger
7,female,145,41,103,97.9,38.5,lying,danger
6,female,132,25,125,99.4,39.1,sitting,danger
7,female,126,21,89,99.2,38.6,lying,danger
9,male,141,33,91,96.3,36.6,lying,warning
10,female,128,20,122,95.2,36.7,sitting,warning
10,female,118,42,122,94,39.6,sitting,danger
6,male,123,41,122,96.6,37.3,sitting,warning
7,female,129,39,125,99.8,37.1,falling,warning
6,female,124,20,82,95.9,39,falling,danger
11,female,147,23,100,95.3,37.7,sitting,warning
9,male,137,27,81,97.4,39.1,falling,danger
9,female,146,27,83,97.9,36.1,falling,danger
11,female,116,31,119,95.4,36.9,moving,warning
7,female,133,38,97,99.4,39.5,moving,danger
6,male,133,43,120,95.7,38.5,sitting,danger
6,male,111,21,92,99,37.1,falling,warning
7,male,121,24,95,98,39.1,moving,danger
10,female,135,40,89,99.7,38.6,moving,danger
11,male,123,28,116,94.2,37.1,sitting,warning
8,male,141,23,88,98,37.2,moving,normal
11,female,123,42,98,96.8,37,moving,warning
6,male,125,40,125,99.8,38.4,moving,danger
7,female,136,41,124,96.1,37.9,moving,warning
8,female,112,38,105,98.1,38.3,falling,danger
11,female,125,22,98,98.5,37.2,lying,warning
6,male,115,20,84,98.1,38.2,sitting,danger
11,male,134,32,127,98.1,36.1,moving,danger
7,female,127,39,105,96.8,38,falling,warning
6,male,110,44,101,94,38.5,lying,danger
9,female,134,33,96,99.2,36.7,moving,warning
6,female,125,39,86,96.9,37,sitting,normal
8,female,148,29,112,94,39.5,sitting,danger
10,male,146,31,104,96.8,39.2,falling,danger
10,male,150,43,86,97.4,38.2,falling,danger
6,male,119,31,106,96.4,37,falling,warning
8,female,149,41,107,97.4,38.2,sitting,danger
11,male,113,45,123,95.4,39.1,sitting,danger
11,female,148,38,85,95.4,37.7,falling,warning
6,female,144,30,101,96.8,38.2,sitting,danger
11,male,113,25,121,95.7,38.6,sitting,danger
7,female,115,41,100,97.3,39.1,lying,danger
6,female,141,36,91,99.9,38.4,moving,danger
6,male,130,37,88,94.8,36.3,moving,danger
9,female,123,25,81,97.7,39.9,falling,danger
8,male,130,23,104,95.8,39,lying,danger
6,female,148,35,126,99.9,37.4,lying,warning
8,male,111,32,91,98.8,39.4,moving,danger
10,male,137,29,96,97.9,38.2,sitting,danger
8,female,136,35,105,94.1,38.8,moving,danger
11,female,128,26,95,96,36.6,falling,warning
11,female,150,30,130,96.1,37,lying,warning
8,female,124,27,127,99.6,38.4,falling,danger
6,male,142,44,114,98.7,39.4,moving,danger
8,female,142,38,91,96.1,38.4,sitting,danger
6,female,114,25,89,98.5,39.6,sitting,danger
6,female,127,34,82,95.7,39.7,sitting,danger
10,female,146,45,100,95.9,38.2,falling,danger
9,female,145,37,86,98.3,39.8,sitting,danger
8,male,139,43,127,97.5,39.1,lying,danger
8,male,138,42,94,97.6,37.6,falling,warning
6,male,121,26,80,98.2,39.2,moving,danger
10,male,140,26,93,99.1,38.1,lying,danger
9,female,118,34,88,94.7,38.8,sitting,danger
8,female,134,42,85,97,38.1,moving,danger
8,male,128,34,91,97.8,37,lying,warning
6,female,111,36,123,99.8,39.2,moving,danger
7,female,112,27,106,99.6,37.3,sitting,warning
8,male,125,27,100,95.7,39.7,falling,danger
8,female,135,22,114,95.2,39.8,falling,danger
7,male,131,22,130,96.7,37.7,lying,warning
7,female,115,33,83,97.2,38.8,moving,danger
11,male,114,45,121,95.3,38.6,falling,danger
8,female,115,23,104,96.3,39,moving,danger
7,female,141,33,92,94.3,38.7,sitting,danger
10,female,133,40,116,96.7,37.7,sitting,warning
11,male,125,33,106,95.8,37.6,lying,warning
9,female,142,35,97,94.6,37.7,falling,warning
10,female,114,45,108,94.3,36.2,falling,danger
8,female,121,34,117,99,38.5,sitting,danger
